hierarchy,01-Dec-2014,02-Dec-2014,03-Dec-2014,04-Dec-2014,05-Dec-2014,06-Dec-2014,07-Dec-2014,08-Dec-2014,09-Dec-2014,10-Dec-2014,11-Dec-2014,12-Dec-2014,13-Dec-2014,14-Dec-2014,15-Dec-2014,16-Dec-2014,17-Dec-2014,18-Dec-2014,19-Dec-2014,20-Dec-2014,21-Dec-2014,22-Dec-2014,23-Dec-2014,24-Dec-2014,25-Dec-2014,26-Dec-2014,27-Dec-2014,28-Dec-2014,29-Dec-2014,30-Dec-2014,31-Dec-2014,01-Jan-2015,02-Jan-2015,03-Jan-2015,04-Jan-2015,05-Jan-2015,06-Jan-2015,07-Jan-2015,08-Jan-2015,09-Jan-2015,10-Jan-2015,11-Jan-2015,12-Jan-2015,13-Jan-2015,14-Jan-2015,15-Jan-2015,16-Jan-2015,17-Jan-2015,18-Jan-2015,19-Jan-2015,20-Jan-2015,21-Jan-2015,22-Jan-2015,23-Jan-2015,24-Jan-2015,25-Jan-2015,26-Jan-2015,27-Jan-2015,28-Jan-2015,29-Jan-2015,30-Jan-2015,31-Jan-2015,01-Feb-2015,02-Feb-2015,03-Feb-2015,04-Feb-2015,05-Feb-2015,06-Feb-2015,07-Feb-2015,08-Feb-2015,09-Feb-2015,10-Feb-2015,11-Feb-2015,12-Feb-2015,13-Feb-2015,14-Feb-2015,15-Feb-2015,16-Feb-2015,17-Feb-2015,18-Feb-2015,19-Feb-2015,20-Feb-2015,21-Feb-2015,22-Feb-2015,23-Feb-2015,24-Feb-2015,25-Feb-2015,26-Feb-2015,27-Feb-2015,28-Feb-2015,01-Mar-2015,02-Mar-2015,03-Mar-2015,04-Mar-2015,05-Mar-2015,06-Mar-2015,07-Mar-2015,08-Mar-2015,09-Mar-2015,10-Mar-2015,11-Mar-2015,12-Mar-2015,13-Mar-2015,14-Mar-2015,15-Mar-2015,16-Mar-2015,17-Mar-2015,18-Mar-2015,19-Mar-2015,20-Mar-2015,21-Mar-2015,22-Mar-2015,23-Mar-2015,24-Mar-2015,25-Mar-2015,26-Mar-2015,27-Mar-2015,28-Mar-2015,29-Mar-2015,30-Mar-2015,31-Mar-2015,01-Apr-2015,02-Apr-2015,03-Apr-2015,04-Apr-2015,05-Apr-2015,06-Apr-2015,07-Apr-2015,08-Apr-2015,09-Apr-2015,10-Apr-2015,11-Apr-2015,12-Apr-2015,13-Apr-2015,14-Apr-2015,15-Apr-2015,16-Apr-2015,17-Apr-2015,18-Apr-2015,19-Apr-2015,20-Apr-2015,21-Apr-2015,22-Apr-2015,23-Apr-2015,24-Apr-2015,25-Apr-2015,26-Apr-2015,27-Apr-2015,28-Apr-2015,29-Apr-2015,30-Apr-2015,01-May-2015,02-May-2015,03-May-2015,04-May-2015,05-May-2015,06-May-2015,07-May-2015,08-May-2015,09-May-2015,10-May-2015,11-May-2015,12-May-2015,13-May-2015,14-May-2015,15-May-2015,16-May-2015,17-May-2015,18-May-2015,19-May-2015,20-May-2015,21-May-2015,22-May-2015,23-May-2015,24-May-2015,25-May-2015,26-May-2015,27-May-2015,28-May-2015,29-May-2015,30-May-2015,31-May-2015,01-Jun-2015,02-Jun-2015,03-Jun-2015,04-Jun-2015,05-Jun-2015,06-Jun-2015,07-Jun-2015,08-Jun-2015,09-Jun-2015,10-Jun-2015,11-Jun-2015,12-Jun-2015,13-Jun-2015,14-Jun-2015,15-Jun-2015,16-Jun-2015,17-Jun-2015,18-Jun-2015,19-Jun-2015,20-Jun-2015,21-Jun-2015,22-Jun-2015,23-Jun-2015,24-Jun-2015,25-Jun-2015,26-Jun-2015,27-Jun-2015,28-Jun-2015,29-Jun-2015,30-Jun-2015,01-Jul-2015,02-Jul-2015,03-Jul-2015,04-Jul-2015,05-Jul-2015,06-Jul-2015,07-Jul-2015,08-Jul-2015,09-Jul-2015,10-Jul-2015,11-Jul-2015,12-Jul-2015,13-Jul-2015,14-Jul-2015,15-Jul-2015,16-Jul-2015,17-Jul-2015,18-Jul-2015,19-Jul-2015,20-Jul-2015,21-Jul-2015,22-Jul-2015,23-Jul-2015,24-Jul-2015,25-Jul-2015,26-Jul-2015,27-Jul-2015,28-Jul-2015,29-Jul-2015,30-Jul-2015,31-Jul-2015,01-Aug-2015,02-Aug-2015,03-Aug-2015,04-Aug-2015,05-Aug-2015,06-Aug-2015,07-Aug-2015
6.7,789627827.67,490473993.49,834380213.88,588196350.92,17516465.06,79791913.62,135275501.55,853035519.18,371958994.74,285980071.22,609762243.54,296566071.23,982467365.37,354918834.66,462310274.23,760843553.06,619520418.7,437326418.0,111585347.49,989870822.76,65880485.84,997901582.49,166955827.52,803350599.86,290275220.29,432569163.57,10635658.79,844702053.72,632740410.9,942096514.38,17509599.13,486224001.59,263013999.48,363098423.39,641310233.14,413395389.85,449415876.06,969501529.63,648828905.1,896730752.52,984571672.5,593439897.13,149838269.84,589554793.76,684091821.41,472634245.13,479543284.81,871793880.62,770291732.56,365527231.81,766859979.3,399171309.25,560556208.95,793967400.8,239980283.97,389876192.2,29474519.18,370586309.27,835539544.32,28966294.34,409975662.79,802947294.64,575168700.37,27762314.04,115891141.84,275535097.3,559314504.45,436030320.36,11309631.72,157147374.1,384401583.1,791385730.94,837286291.74,147572841.04,785227079.43,624458494.39,709811277.8,734560770.18,286222142.02,981153565.34,910978926.48,889860553.85,919940085.99,385571066.12,110632828.85,42242315.5,53730008.16,948059123.18,376248540.93,980568975.23,643043935.34,588624155.91,180854364.91,254476645.05,328500098.72,884839569.6,618700174.26,979715823.92,576280702.19,91944646.44,82219448.27,818319977.72,586129764.33,396957191.02,537055746.51,237076802.92,115246191.77,23136417.92,357941943.23,693776666.34,794533051.69,541263916.64,850477226.46,215810921.57,187874040.69,649910006.94,464998994.34,594129380.21,530369210.35,728081414.29,679888391.06,899175847.63,442604304.76,785628986.89,580961206.11,219850920.45,410551096.85,634470609.64,409443299.31,785460863.69,476293275.81,488620338.32,114887885.95,663128113.42,512588362.79,585555161.35,787481223.56,736824700.26,921384086.73,736912145.89,636490765.0,3141713.71,705318010.26,856080143.24,160991026.93,324790699.62,427292129.61,598618576.89,717088741.36,166727985.03,346213912.47,522947654.34,785869407.33,330879778.45,574052183.06,503236341.12,851874201.94,210310313.96,309508586.93,285921950.24,156484933.7,886858722.17,692456711.02,412472440.62,203189403.2,192464478.11,415346705.01,403661309.42,573066821.13,409666480.7,887493710.72,237091889.32,700992956.81,368232746.48,125367921.13,209250269.0,654023257.63,824732146.45,874488754.65,997530824.76,88868198.27,499546099.15,275573402.52,182113841.87,441926507.17,186971082.05,578171664.17,823649946.55,111574554.93,520641449.51,357195969.24,363230169.8,24560018.83,14806649.68,212191250.91,201970363.52,337594804.47,297516259.93,87117766.96,330782153.59,915210263.37,313873515.42,252081620.02,521171453.99,516600607.61,683338424.95,284960375.87,684754682.02,691958225.84,173660561.68,53732465.22,498461691.17,250288799.06,204583869.26,140362764.48,955124464.2,594626670.2,572666813.68,817232185.76,492442606.6,137985316.09,89449739.36,787737092.95,624935.6,56636692.18,954507098.35,914439249.77,61978725.07,781956420.69,605850618.7,55581252.28,703451610.58,773550373.57,589559269.23,801434073.57,874664558.2,880262761.96,285689646.87,700262533.79,256215818.44,124365217.14,267746681.45,11533146.28,31781417.78,420481572.64,788047597.94,935063764.73,703493736.29,187017427.78,682154347.57
6.5.9.2.8,954057128.91,503353622.32,567825154.05,263945544.57,493533916.82,562719025.6,489637178.99,522063302.68,137220456.26,104736135.33,992620179.62,858166087.93,974660378.47,605310714.61,368803079.78,967842268.82,540865684.43,265201782.28,923494385.55,113256356.7,461842610.97,382560247.45,789675020.58,885101468.36,211975086.55,563354154.03,50969014.39,555759243.14,366700574.09,758071879.76,947793631.28,469480687.57,1252708.66,196311871.67,796267655.76,895228657.05,808906450.39,287418270.76,113477694.87,196659710.61,944514204.84,167781343.49,343632664.4,301725164.79,712493690.46,392952788.64,849020166.39,299112388.82,560702101.41,501927961.12,897344347.7,495528442.57,461246272.39,214822081.13,422067592.77,954794101.03,575472452.58,822819805.49,774761852.44,795247488.69,562022796.61,452426636.36,752398205.63,807447151.01,501049562.98,311634994.95,119317755.61,685628476.28,28831144.91,78687974.57,907646081.26,590330988.46,402704856.17,729563487.28,733252358.81,214974363.84,672740948.16,214305659.92,120929776.07,394431183.27,135300823.17,853221080.34,816081628.5,917080612.65,400320510.51,619367547.83,171568425.31,731681659.12,463300449.79,710268678.1,936041256.48,299072615.0,609589090.74,398683439.74,886775975.39,659883984.24,216306294.28,818389106.51,240539917.1,351072690.78,556352726.43,260946359.14,687074900.24,947027422.02,744336839.03,477827310.42,103745647.45,73789935.46,974841468.59,362114610.05,549921752.96,373620837.76,910272336.39,677704380.0,705452097.13,447775681.73,112663196.4,46682657.26,730981491.31,968932152.8,695849758.05,147781778.64,1536693.83,268685498.91,327366268.66,985772410.62,201232793.76,932204815.23,245236756.0,632756472.29,409233855.93,679293635.96,66508592.21,640581015.85,140384047.99,939348094.7,309111979.18,791166948.03,943273718.21,128407750.84,521416938.47,317803439.04,208285375.75,924335630.76,453258659.21,738767799.26,221874522.15,171155979.72,4894507.33,937352386.86,147595205.73,9536141.81,779119502.9,95582326.2,345119310.9,235930830.54,315038582.58,623534172.04,816195908.91,914687944.35,803105340.56,332928864.06,413979910.1,875434554.0,697438864.0,780967971.71,154063250.8,401519441.52,637230211.45,383222269.58,607248673.39,605151551.04,458912870.71,520510306.1,706041930.74,593254426.12,248076937.21,769894764.83,33696062.92,778023064.25,303472009.72,913341362.26,763137508.32,213323752.82,991467996.35,684524323.33,172599869.7,192664884.74,499214471.38,323401701.86,278090978.27,976412340.97,871789862.91,341329249.79,150065679.7,875090918.29,328753460.31,464653899.59,659977070.31,648865262.36,685462022.94,236296015.69,851001726.19,606483889.02,923441133.61,383469220.23,995806092.11,889532313.52,396338766.29,181174488.86,310479100.75,416836766.11,512780026.56,219288687.47,52535288.71,916519115.93,524495488.9,506555470.86,572374164.39,174544273.33,355896236.88,441461019.41,838268483.59,259984273.44,918468891.77,164716172.49,285857005.87,818534283.06,702982183.39,260756510.05,182164200.45,599303841.83,356460797.65,473379923.62,130946568.09,80671622.07,26264469.5,279335014.81,241232018.43,460653115.18,834951099.39,642065276.34,906293304.73,256472205.23,617577341.31,376564381.98,235823418.71,857659328.51,248555934.43,539036196.29
7.6.2.9.3,684777296.47,539944147.82,158757889.4,442917444.65,902601929.56,704702018.06,315935363.61,124668903.49,755752360.18,120514836.84,268624557.63,166631909.56,276222631.97,954242308.99,672479396.95,626710622.0,703119304.69,508708859.01,58019159.23,930054985.56,947561250.48,664779908.78,357945563.98,932226471.01,503878325.36,139695345.35,688785690.5,947525672.29,989139559.95,459833933.39,198929875.59,65959028.14,238410085.22,39971355.04,103330991.0,728975594.42,581202223.79,203598447.0,470328519.44,751885167.42,967828881.53,127809518.09,328446412.96,389911025.02,731252970.26,510083640.12,150317006.52,193155352.38,595368120.12,335263492.99,945952148.84,295426827.25,96063190.26,176847197.83,345519863.4,840844088.07,257154644.29,2829520.22,359790751.95,859921619.33,387617882.61,350200881.39,146542941.97,545804651.36,623142181.7,263126398.35,870414052.85,406452343.52,49531287.66,457704219.67,72103593.23,354291828.11,833393797.1,125152394.73,56357594.81,903977765.53,208792755.68,86044909.56,197046497.47,173085654.43,242639446.47,105059200.06,60949719.64,698755438.92,188193290.54,637166254.27,361407568.24,717809484.29,352756478.0,655601677.08,666638035.22,657394296.44,854990134.96,48679482.31,775585162.22,529640080.05,851760700.08,237902692.71,688770323.47,888239871.88,72605289.04,714225567.53,712480468.17,550874251.85,549333454.51,14929860.88,421566673.19,674815334.41,967883552.01,639601363.95,83927837.91,932222886.24,590653407.37,35893071.34,688713204.91,913820778.26,201111921.87,212589895.23,690651635.86,414368074.02,901385758.4,717480997.77,620341086.77,610717714.0,106939438.13,312169033.63,518254209.91,460276622.14,687703100.78,395193780.93,375073626.6,812072245.45,558996080.05,469442281.75,780085927.98,168690617.84,342128769.2,40981815.13,213992522.48,655310431.03,281106427.25,289522018.3,254037017.99,328672139.54,577259106.11,790243483.98,168294411.58,794541204.66,814387800.65,796157762.21,922318130.95,775179537.52,741767824.67,207983973.63,730954549.53,930171791.82,697567184.73,868404591.99,663373429.72,19608212.49,25708688.12,822212881.29,98018707.93,458582094.59,570292077.71,489899637.65,326076575.91,947939134.64,209859424.74,533139497.94,204686650.16,318945954.91,388661230.74,131496976.35,590063693.52,239790951.47,780371745.18,898506218.69,132274760.85,835036707.11,357354626.77,581031429.44,640372335.57,93320499.68,529589537.42,700122616.93,175579252.43,233154923.23,647284135.7,739265349.04,551563518.66,138533615.47,197364862.72,983590342.33,91318203.66,76889059.7,793072314.56,330863422.52,927042485.4,392808012.97,234807658.3,31358220.41,619403952.71,870638575.04,47515812.41,636692205.52,78712256.39,428938086.68,813954943.9,721322748.71,249222077.65,940274306.39,534179902.07,211842127.95,289328668.45,633100955.02,624994121.56,810792934.93,934337536.05,292220045.04,841729713.01,134765608.21,483675476.6,672087305.1,213626510.79,555289350.94,52866511.29,565932567.39,921654551.07,202450824.07,546345377.46,739160552.81,276643551.67,928722320.87,479516709.63,284673613.78,618584588.38,941409493.14,452664172.57,796257280.24,258790253.87,735269626.96,129329532.84,356351247.84,37907124.44,794633366.44,262636441.71,754482073.78,306858856.76,967134118.53
4.1.3,358001279.17,997556366.01,596065323.04,309448197.02,8228996.65,736321278.63,613427943.93,485980137.18,912849848.53,855229491.69,342037503.45,930712715.71,243059321.19,767368065.53,304786500.5,825338843.28,619362425.99,286750795.82,599587303.11,523697082.72,216755396.79,373095435.17,80334456.28,64757938.43,762632904.15,366858210.86,247001648.25,596237080.95,61121554.0,717753411.65,212706581.15,863824258.05,974507395.25,785140324.5,143447932.78,96353623.16,612309803.29,34229906.62,980284061.61,380817865.04,911510540.62,356517483.79,527446395.38,431147016.96,706496048.81,33121350.15,128811795.64,523729059.24,340949081.59,724839172.7,599034661.54,306245695.35,969571606.31,3924233.94,36845113.05,63442185.92,490175167.2,879064424.98,350642756.59,430778151.0,372405688.23,699154742.37,474826569.26,139008380.06,966029287.25,315597238.97,299595929.45,134731807.9,521939782.64,812262397.44,864400865.32,513552412.57,858102799.26,762055755.31,323225927.48,142707652.09,122790974.76,692866905.22,890943253.33,329208136.75,272065195.65,400663357.83,276327060.75,978587215.59,200131965.32,885850988.53,294343856.77,946268262.72,910985961.22,958496078.31,219805944.29,143874801.6,901724539.07,126402982.92,942722391.02,345651261.22,859564404.7,948528693.98,161888948.08,937808911.39,116446295.94,580410039.14,254903753.04,651484745.83,862253839.83,164160339.96,189516077.14,707386192.0,144546801.11,599992012.24,217766413.22,937081442.74,757844557.62,698525606.87,908328456.03,950503821.53,983323651.03,540508391.47,981850952.24,757374634.61,545916072.15,583899606.9,110487527.08,642439276.39,354740052.16,523687534.98,200088185.83,452836252.7,834633785.41,495578476.25,211081154.8,348154908.43,403758977.58,239602185.2,353372.62,967356434.03,871295237.09,860947233.45,908410186.41,486033042.38,987110330.3,294846309.68,374882522.4,853782449.67,565604239.98,977395681.56,244389181.35,651133326.05,469727378.39,899605813.67,883037610.27,2574203.59,773635677.58,593547291.56,681557299.02,589886055.85,727915105.2,779572788.98,469039684.88,202576852.47,308395432.09,148245672.49,387726321.49,437840418.31,54084618.83,473386492.29,205662002.89,947346013.7,38576126.23,369841650.9,59102708.16,598141036.89,311233026.92,989357679.01,446293306.45,403433151.62,957635016.77,869844876.15,808954967.67,217822142.5,548077564.53,875957944.67,344395703.31,494369971.67,872720811.79,154120774.57,363709162.3,866808290.75,767941602.9,133601035.22,879629912.09,495985247.55,437107991.52,104674098.72,141482468.78,700988553.85,770305368.44,178411957.04,837433550.79,725391006.85,325086045.14,982914273.68,194140909.01,623251848.1,614101174.53,292830352.93,859801608.2,128539127.18,899930001.34,273777693.9,112282703.1,675579616.45,556895880.54,233052196.64,839970002.27,490636905.82,455156144.61,262047375.33,647977283.1,845775353.55,141628333.64,619109177.6,530656451.07,268358499.41,430936185.57,425631067.47,193837312.31,973075565.34,161824195.79,825193547.84,787104492.71,614294367.53,585578429.36,838036409.85,643722125.28,19048883.89,739249747.75,850299027.22,919739722.98,681188240.01,723628999.56,344782633.06,329023114.91,407976847.63,140951202.79,603470032.42,813908594.53,59558675.75,298885752.72,577849448.21
7.4.8.6.2.9,396136567.7,969969289.46,353509427.49,258362847.72,655430393.49,289784225.16,22241312.39,637440110.35,907441900.21,516339565.83,109143919.2,750605478.96,230983828.43,927459389.22,818304134.17,627382913.37,469619895.16,300125643.34,758918025.79,237050445.25,8477729.05,37929952.11,298470980.38,226014960.72,921984848.91,138062028.71,203742779.67,743971121.96,973039761.14,822695305.98,188619293.68,946486812.27,310680229.28,34689211.53,899822590.76,967461163.34,776599157.12,358715904.8,999263005.44,304434370.49,894144340.9,148910450.39,556004562.64,1414982.32,41207102.13,687250926.24,819008522.4,553995716.35,452608730.95,107854534.2,490632063.27,849752248.58,974635704.19,452590314.74,229225703.38,752053644.69,281425746.21,852062955.54,123036313.01,423940054.66,868042760.62,252783470.27,630308829.69,121369974.16,968979283.92,785150896.91,584173282.5,843387902.14,958262406.3,952071426.33,217885989.6,139469490.44,83854165.02,170014253.0,796766148.97,751070135.15,470817027.13,611520965.45,170313914.21,396531959.46,292091519.78,415907208.67,275648343.07,724922436.78,206223006.94,977178868.89,368562442.15,306668717.2,47701335.68,425255869.99,890345770.32,835909993.04,66771388.99,222401022.25,497844794.18,194980263.97,597329803.63,39264270.59,28991213.65,53951735.07,818307896.26,789800160.26,88143656.12,827485610.47,524325757.55,573857304.47,622976922.23,871571332.54,771062568.71,815969022.91,474292245.5,218479587.3,746856524.59,416477963.72,787612521.83,834148073.28,940472026.43,730782346.92,855876785.79,601880476.57,782276537.17,989400886.44,274369800.7,534860188.05,485508724.64,359905294.46,471918070.28,640426410.09,670905331.41,367703869.51,562205659.73,117319116.82,528449453.52,549641875.71,472924301.18,531473213.97,129614742.07,30589944.85,13205247.93,719823935.27,126535401.51,532544024.69,309564923.9,338942982.83,457914211.35,801313309.13,658640716.08,604100603.85,876017492.74,608874708.36,996680088.55,368974494.11,35283657.24,665886316.73,688228287.1,145429949.3,273187231.4,858984648.9,735980618.11,226686409.67,56327301.05,923575848.94,707545091.77,468839463.67,572083453.16,782609241.19,789626894.71,283395586.89,437162682.3,805029256.93,79477427.71,273148933.97,860770372.65,881009585.37,600879623.64,298484590.39,834254848.42,858297212.92,976017791.46,883961414.87,715923347.49,598378615.69,396097335.43,263955292.02,176016526.3,34194679.55,714455177.96,273690417.26,568034030.87,302894682.3,498104772.41,289516494.2,278568696.76,827292542.76,819315522.47,106074858.11,216271310.12,927296143.09,989174112.15,150207313.29,7423488.39,680504663.37,826848665.62,985257652.28,861365094.47,272207581.14,138705298.37,916060188.74,3865644.26,101968674.41,700740603.78,603304004.73,438291096.27,751105017.84,148102521.27,170918780.21,420385003.53,504535301.67,519953588.49,292251678.22,828875435.78,565173093.16,577827937.12,196928205.66,582233686.49,660515825.78,589525164.03,219702348.03,764152093.66,869489711.68,392953254.68,937299407.04,390085632.57,508211153.01,922025350.93,908810233.32,150789415.97,32149953.76,621577792.58,639821931.79,407531726.64,599913572.14,149221003.14,398554702.45,444794161.68,774492995.24,511013351.03,482412755.26,650958151.25,847560403.28
5.3.6,461946699.22,376715474.63,785329665.64,237461621.12,991340340.71,444537327.63,935316043.05,953560950.54,587651031.77,734468342.05,460650571.2,707180530.04,71132128.84,539896770.9,842207723.29,861618429.45,447434701.01,548363772.76,278674745.09,216865114.77,146929880.04,342218434.85,555749013.08,965218230.82,785103879.4,601738966.94,454710554.81,122555096.58,872070702.68,552464739.83,99821920.35,800753522.12,434691795.12,811832878.34,54566225.48,199092988.22,391085716.58,346411133.51,133616638.83,807913149.06,875126607.6,586659658.8,236697964.47,865986227.22,654532872.3,95219113.71,529263861.55,805982696.87,29157612.1,122105805.01,570755539.43,384111781.11,106958869.01,621653702.29,675072674.47,217632273.53,321345025.11,812466395.51,985279745.32,669667270.51,901753712.14,412959279.72,849639400.36,834725464.91,446279047.76,251265524.52,990282159.2,796567292.8,431259107.21,135454156.37,468825563.93,167454962.12,811682634.25,119337135.69,583069827.62,444407809.75,508420229.98,840620332.76,858659363.12,181988252.2,501451081.97,389086061.97,417445436.22,709047426.8,365245304.15,620524375.92,297012152.32,127103151.68,370557688.16,124466555.9,392936851.28,560953269.1,619502667.51,636659439.47,290106593.16,445440099.34,439218950.73,720213050.24,434751266.32,519654005.52,204086919.57,75712792.15,873749671.25,116187966.44,979099758.03,4757494.03,879495824.11,659814973.41,898551272.38,584430749.43,692787330.86,937521706.34,237620659.38,603798439.69,616522331.9,786809983.81,980965840.51,250532976.0,515126176.2,873480071.61,422099645.55,880621079.55,269760974.4,912626747.42,687536616.41,976758956.69,98354502.56,529612317.48,19327712.93,101725483.25,732662411.25,211606756.58,536667325.37,735850311.98,480668993.1,529354508.11,888552728.21,153908331.04,55624407.46,582785009.59,122270099.22,530822892.8,555834782.81,5676853.38,549916821.26,725292931.68,160641172.04,645639200.93,377211242.36,169669897.96,780790492.9,689816969.57,747746242.85,855094769.86,847854856.9,613102711.03,716370607.11,655109650.02,641137624.12,219100409.49,8530420.3,52383387.49,419426097.06,892670324.55,474684676.07,505125851.03,657984132.3,467216829.58,18667379.4,505682540.43,455471920.35,301391413.53,989109116.63,242675183.12,741864125.56,729893584.68,266613104.56,396851177.97,378272188.78,174615921.29,436592841.53,869693064.94,741295939.08,371803723.55,340120494.97,279404812.62,4164864.72,146319257.13,571232669.32,329141997.21,818120887.39,865877043.09,954171957.19,494684416.57,105838593.83,299270077.04,935332188.42,340620814.58,468499263.7,199253688.09,281649047.19,671806530.93,64114306.8,127785172.65,961804174.71,255698866.14,19235548.29,510931391.03,139998169.85,138651663.47,53773943.19,870243286.56,360418075.92,346059398.41,46855846.24,515801042.11,685656632.17,637722861.15,571395593.82,989536758.89,952175194.17,435373485.14,529923258.74,438307292.35,52022240.78,641533458.57,179053344.78,784453428.25,465576641.85,244311338.3,8544620.56,969104442.03,500876659.63,295366305.65,352386462.49,961056250.51,580006638.86,59727976.73,162056324.38,533415250.33,274218953.36,335854666.82,178026378.35,375387060.64,12692634.61,394679641.88,802658031.37,462500390.81,832376955.45,644516093.01
8.1.6.5.4,661604866.19,436733433.31,317253671.69,439773472.71,818770002.4,482584885.94,659494235.7,165714597.51,556515368.31,196061913.68,607063452.91,14393067.83,393374532.04,57254607.03,522208365.96,272626109.12,554230985.21,201041558.7,894239129.42,659456290.39,362896951.01,641110207.08,519856845.42,195404922.13,935891270.48,723560293.54,370724536.75,307864750.39,600783106.92,616420390.48,923312540.8,774765063.68,749242898.08,835987788.0,667255187.81,730325046.54,401305125.43,187451307.96,11848238.77,666249891.3,538914680.38,646588601.32,438514205.83,242453761.13,754790000.88,545842169.01,263888608.36,267844640.71,715669465.32,656134413.14,731070143.99,939562690.0,49729285.24,942922676.26,947578665.14,379266017.16,745203501.05,878998609.93,301579518.98,985943523.77,967937228.52,959537551.02,530023688.37,96958832.79,176581491.91,981340688.53,828085786.78,404035825.97,332620977.32,578057969.31,420791217.4,867682252.42,300550167.12,59953733.67,203173959.54,723259738.65,270593141.49,218461938.04,299757480.39,615421775.27,900968347.41,31237948.22,935566701.37,468079259.05,72349647.12,502440689.23,890276105.92,822658970.19,541729033.76,482888549.52,881566842.13,628795969.63,702609684.73,275359097.87,636492521.55,389648506.15,531550177.99,575936119.43,240300481.68,611730448.82,399767264.78,912476609.25,383763230.39,780251174.34,425641573.2,829288799.55,163606105.83,100021102.85,169232822.34,118540631.33,130456121.44,437101784.04,26157413.92,474666198.38,28701963.42,447470402.33,921337929.9,898097573.22,612820979.85,177465988.08,955418934.71,955503934.3,723818072.38,920371819.1,660773851.39,419121169.99,211332716.66,703428741.55,868667035.65,326469339.16,959917144.61,844456771.56,246390552.89,649510721.81,393559173.19,436472019.88,539918198.66,956164975.78,803831562.58,366159266.99,603122464.4,155820273.56,517666923.25,639315116.4,160308435.23,868221127.77,271380633.16,333836417.22,689321375.3,249604425.4,725133554.93,363536291.06,919098532.22,632746444.5,497495977.52,735060329.11,79800244.08,894848650.19,540789923.44,456288690.72,158588884.34,481429010.96,73727223.59,76326680.15,854445226.91,467297917.11,270248611.22,466221931.55,712053390.77,986190421.63,371424412.22,841263276.12,913048833.94,887513978.18,497113297.36,505604444.48,951058917.02,913063984.11,44211254.53,230265024.43,488489373.06,31782500.13,5556993.77,43207225.55,372026620.76,867772076.99,410785800.31,49541879.28,18533655.74,578292840.99,240339540.49,508890541.52,758413824.68,966936738.44,69283653.19,591836568.93,284582753.61,530449171.59,940580870.34,695054426.92,203733706.38,219320920.95,876357927.57,858706128.13,527622063.98,607883181.84,579681105.91,696319.84,899487215.58,793958436.14,13526511.56,437748121.26,425637379.91,1850408.7,500521710.96,261092320.98,574698209.45,516735422.77,685021970.32,151307364.04,380362673.85,575102009.49,310061777.93,799119439.57,490285961.46,933829400.03,444365625.92,41162157.21,334492946.72,744660151.19,205812683.7,896709645.77,142708043.66,854832254.57,419765023.74,544833804.95,163842801.55,719080666.95,227106365.44,440904176.97,721405024.73,636286609.93,588532790.62,668567813.2,292630829.09,552222210.58,414494788.2,972406532.78,116722201.1,926295867.96
4.8.1.1.1,900817986.06,63362539.21,815414004.04,465221566.58,488888505.5,532580247.36,176026285.05,745153985.24,566641920.86,25969910.58,277063822.31,109364665.77,544176122.27,638164481.32,306576634.13,529427290.72,427615863.08,557734014.44,404814131.56,63918245.25,634184237.44,472137511.04,737626346.7,36344831.55,445384769.39,434260702.37,989968067.29,850813732.7,538148083.5,631235555.57,951822439.12,20600989.94,942317886.99,77650280.48,4952137.89,265236478.35,185181427.13,243979691.5,756250247.59,23575327.65,668454708.74,699007228.66,488592322.56,281742528.23,145102697.02,214910537.37,921476033.52,587748546.71,48537411.81,880020719.19,44649181.19,611870385.82,967862784.78,721747181.1,221488908.99,581647130.08,513381871.75,368142498.52,989686673.98,182012824.78,732552678.74,58411849.87,938562979.56,833309729.76,864811368.27,227426689.98,551054219.21,61977843.11,99304184.97,249473669.33,354339335.06,27493723.46,542112299.82,972306956.31,856322753.73,686032091.2,407414406.2,189928208.58,872955.44,40827659.66,599085373.95,499108006.51,139256494.94,17920821.38,825640028.79,580277979.94,503164417.86,703014623.27,734324931.07,883575406.7,734020388.91,83985415.07,544438380.59,101564343.94,785828203.72,269284909.05,208719894.61,573687899.21,989770991.89,663273103.48,840431505.39,558790998.79,117328476.41,798042852.78,907323841.3,201938395.28,54578736.81,107979601.7,938341864.23,658866596.45,960463380.7,438258358.45,151121851.7,477644329.39,788512843.83,85717827.78,512760283.56,699873357.76,190352710.91,710430714.7,332047729.55,165721856.4,42317507.16,746703623.68,708479141.18,737801354.78,770945858.54,106833630.89,408707265.85,748961962.04,655004062.99,749289126.47,762325717.6,728040185.87,173615303.41,524501882.53,95843476.8,11889438.6,189714685.37,104771113.69,924326282.0,113047467.07,70108637.03,730370659.11,113642518.19,645825580.14,788544876.23,510494689.02,204306912.18,348619737.72,977008603.0,46549453.21,181941712.43,944863597.24,554856690.08,513671999.45,887917095.62,109109090.33,822867202.03,988313325.18,913859945.77,397450745.24,53375479.64,130988059.35,268256651.68,931858141.22,337901057.43,605420173.02,148888186.69,987656559.47,566192534.85,453463509.71,727501535.4,348989226.3,899556562.68,359674345.26,920901675.4,897825383.93,810296337.92,57530693.29,232819300.82,652384118.63,968697325.61,770876888.38,686375639.76,710533559.12,873219388.71,415824474.6,46989994.29,713933362.32,542911818.02,885413560.61,571090509.83,322954494.25,62956700.22,483624232.84,113195938.16,808149900.96,279730325.35,476908461.39,191071583.74,127373754.51,382322747.56,653703043.25,901084713.82,804032309.33,202959185.29,351393869.72,995260286.38,573133490.43,810264208.93,668305929.27,821705562.75,815488581.44,387329654.31,786144877.71,901430312.98,519241487.94,704266185.01,593985667.3,389130459.24,126227797.38,299886169.25,417833177.52,250908938.54,240893138.59,228150515.48,532326758.27,165001080.13,417233076.2,158927479.36,859675856.15,380627972.11,188593980.81,338798011.24,913514593.75,546652190.92,353946401.7,265184450.66,975286342.97,228943374.55,108431840.8,114505483.76,19721028.16,793796758.56,467816099.92,358947753.05,361519989.77,731969186.33,768281751.35
8.4.7.6,251143674.54,697891639.43,714370225.66,532591556.71,587339869.71,629026017.28,805117544.03,827734006.17,874047859.17,635538112.67,906967492.04,659279346.6,184938473.23,732075413.0,793221003.09,87273451.86,30176324.73,197629466.87,946751954.48,422349877.01,935612429.95,816056576.17,544170651.63,976848684.88,354460130.96,904573113.12,634675214.65,400282957.07,226122345.5,872176151.6,127847320.53,940807269.19,593610003.5,71322307.67,39961917.09,76865097.91,971011314.15,367083869.35,275396077.8,977436559.02,791614093.11,640340835.89,411379031.53,212961611.67,760784799.08,853563248.47,543307484.85,373601191.37,728861382.21,220413144.94,328337204.17,550108404.09,731495426.19,410713379.92,872447866.79,189758501.66,544823257.8,140406638.66,946327879.47,210708161.89,178848319.38,33811827.41,730478622.33,919160134.87,813449291.82,987498123.78,689742030.08,449425991.3,943340975.27,91144855.22,611911047.87,126551754.25,443983971.28,726680328.66,759650291.42,403173543.55,917718121.16,158004895.47,979937786.9,218353860.61,851704622.06,490801378.11,494451472.39,67666369.46,428344344.43,205887960.34,962931198.13,383655503.11,771202407.5,20356492.7,907136273.45,916906221.84,198378251.67,601148901.39,599905769.69,343571381.39,487698264.77,472235977.54,878777407.8,181369019.17,389472949.37,768926046.44,851782373.16,882803716.79,435738999.55,469337295.24,467517164.88,453077456.59,661838039.91,464666557.28,412802884.5,465245045.43,282937959.83,157415325.2,208412682.2,33382119.79,51980665.07,737611233.48,229011031.58,314460132.02,604652370.95,697736309.31,865069776.93,319625872.33,118185964.34,982967644.67,682916184.32,37075220.05,221048237.35,740611348.67,422773611.04,559611107.67,867463773.94,765292479.29,413242022.32,625156333.73,842643967.24,867838694.89,857684887.69,100903920.75,491278910.83,549629583.23,90082003.63,305085242.16,8598993.5,289171020.28,645131119.53,655978448.25,57042999.08,673226063.1,270770008.76,123137447.4,847611450.04,294950920.09,962551051.34,168739116.08,365324839.67,464385514.48,862303174.24,762731098.33,304598950.2,497639016.19,497538573.14,225680442.36,724290089.26,641552795.99,327534544.87,788392596.92,21166704.43,468675155.0,657801017.8,606210326.02,132746437.56,878526080.58,360793836.63,113601490.44,81180504.4,429290328.67,332935082.16,241984174.95,162626031.64,312249692.79,102734216.97,527422469.27,659614093.82,642132913.04,1425812.51,901693525.31,722807342.18,363675591.22,951372951.68,140010289.41,622124256.12,227446091.76,723864057.9,478759230.76,358391844.03,990393188.27,319883380.62,514869040.61,511659780.39,922273623.47,851026595.57,592880094.28,208829491.08,353083522.67,861673008.87,876858525.97,466902391.77,684066357.92,380615187.5,445203917.32,542551410.67,175353450.53,493579575.81,924678646.47,69342982.34,102837041.07,676338556.73,460023190.31,895416257.84,674682181.58,543452935.35,635284357.09,693325279.18,455764568.59,724884326.78,765290371.16,38924078.34,400019696.53,395472892.15,289763764.4,553749657.26,308432866.92,230678492.12,129401058.05,75962904.98,657694097.27,865636920.78,864929392.09,195280831.18,393304125.72,710286634.8,330571340.53,772597381.26,88507399.82,66733309.13,505679146.46,322510485.66,356168682.58
5.8.2.8,811605786.15,971581401.21,222501656.28,801909796.35,920701805.09,57129149.91,477550363.09,144756042.57,217349267.37,521724110.68,147299025.41,294120553.27,421836696.6,606244366.61,123854389.18,337344266.82,686276016.95,296793121.01,688636294.3,146506944.28,729180385.53,362915853.92,602370954.85,759574074.65,728713624.79,777786340.25,324288759.76,843462886.28,608729461.91,430421455.73,973813826.77,500015554.74,624361073.48,544597658.41,895832507.02,469945239.47,610878417.82,837255458.77,166970785.8,805566697.5,89664409.92,122380641.38,468344178.33,992860905.01,281826658.58,762347522.21,536892687.16,989962022.75,638953316.9,443891606.49,994236609.81,538125121.04,55759089.25,258832299.74,885982413.86,350980541.76,963724951.27,260273367.19,199046881.65,192027195.76,896735846.8,927537255.52,751275075.74,870407863.88,362037285.7,957274472.61,100092060.13,740618613.88,196964509.21,886856512.16,332330361.05,736223559.33,913385363.92,210873871.85,287308401.54,431180734.64,931100034.4,164456892.19,735864463.35,284156227.4,450082302.98,484187556.24,730490004.38,424277922.95,375665112.07,98857112.32,236655239.43,478436573.07,767681571.04,784221390.96,109102342.94,307002194.78,694986322.3,790309506.61,346522273.63,79211512.32,658585674.33,229695577.42,495378377.55,625961422.05,748605606.49,244454369.32,771079330.45,566030701.55,474821823.3,572092899.78,7011590.36,612481185.65,205053799.66,806485634.51,276479891.83,642769953.54,330173301.3,479894368.8,913169491.95,697524447.83,591107493.02,415796816.63,628945992.79,614678793.28,262975809.0,751443630.18,986771955.28,510767753.05,463998158.37,394980495.98,451681802.46,143137552.33,411760154.77,708557821.79,352839533.49,437045721.56,545297240.42,966238759.74,70302188.2,792764995.68,615343072.13,248553054.81,589668405.63,318241280.84,593405436.4,823882935.2,332400302.43,423766040.04,755008672.1,945265534.04,332921760.15,581017887.77,873692142.18,126222037.45,578303097.68,229084503.44,389538051.04,921207942.19,45928298.7,120664804.84,955733835.06,285999620.0,137630453.53,60363103.33,463272092.05,125093426.12,957251941.81,536833331.77,632318976.03,229388010.2,993731733.0,840160308.01,707869959.03,547465656.63,816647295.58,825219159.75,558829980.56,867043701.88,19376055.19,867597642.06,382914314.61,336331731.77,17274768.64,946951508.68,44915768.85,360577675.75,130604441.93,517737557.42,520896005.11,363309955.2,386327419.25,325210427.15,741494873.04,878259161.5,278277395.1,417853745.45,369675080.07,19724403.68,433422620.87,231595935.1,787780663.38,913973859.41,442425084.31,406424347.22,801395577.92,497527219.53,896067134.56,695820339.42,309046571.3,748778511.33,589935520.77,956983027.02,147687773.98,548789050.36,999511417.1,98415803.13,571129160.97,869777655.2,998774594.1,646617715.71,602756380.7,505337698.18,992415313.49,620516018.85,135868568.8,406896300.07,843863096.03,19617794.97,394700498.03,823699532.34,541673989.44,523489156.5,243467616.21,98962994.79,54952859.13,57114133.24,393801793.81,921440339.03,92359124.3,973017732.58,273286356.55,222882552.5,366733896.29,817728018.29,90954044.04,989040342.27,83236963.77,963817584.36,643650887.93,370616779.6,77007241.25,150719338.19,574891596.0,831684289.76
